图片路径,商品,重量,数量,包装尺寸(cm),进货价,目标利润率,广告占比,空运售价(SGD),真实售价,硬成本(RMB),竞品价(SGD),文案,备注,采购链接,Shopee竞品链接,SKU配置,时间,空运利润(RMB),海运售价(SGD),海运利润(RMB),链接,暴利模式净赚(RMB),链接/来源
db_images/025猫咪擦屁股神器清洁免水洗干洗泡沫洗屁股拉屎除臭宠物用免洗慕斯-tmall.com天猫_1763954555.png,025猫咪擦屁股神器清洁免水洗干洗泡沫洗屁股拉屎除臭宠物用免洗慕斯-tmall.com天猫,0.5,1,0.0x0.0x0.0,23.8,15.0%,0.0%,14.98,18.0,63.8,19.51,"Cat Butt Cleaning No-Rinse Foam

Overview

This cat butt cleaning essential is a no-rinse dry cleaning foam (mousse), specially designed for cats' post-defecation cleaning. It cleans the buttocks, removes fecal odor, and deodorizes—no water needed, easy to use, giving cats a fresh and clean experience.

Core Features

• No-Rinse Convenience: No water required; directly apply and wipe the cat's buttocks for cleaning. Suitable for post-defecation emergency cleaning and other scenarios, saving time and effort.

• Dual Effects of Cleaning and Deodorization: It not only cleans dirt on the buttocks but also breaks down fecal odor and other smells, keeping cats clean and odor-free.

• Cat-Specific: Fits cats' physiological characteristics, mild and non-irritating to the buttock skin, safe to use.

• Friendly Foam Texture: The mousse foam is easy to apply and wipe, leaving no sticky residue, enhancing cleaning comfort.

Specifications

• Suitable For: Cats

• Type: Pet no-rinse mousse (special for butt cleaning, cleaning + deodorization)

After-Sales & Logistics

• Specific delivery time and shipping costs are subject to the product detail page

Promotion Information

Click the link to place an order, easily solve the problem of cats' post-defecation cleaning—no rinse, deodorizing, making cats comfortable and owners worry-free!

",重量和尺寸暂未亲自核实，仅为商家告知。,https://e.tb.cn/h.SFHT7bYDKtI0YmU?tk=ukD3fP3f8nV,https://sg.shp.ee/969y4Ge,"[{""name"": ""\u30101\u74f6\u88c5\u3011\u732b\u54aa\u5c41\u80a1\u5e72\u6d17\u6ce1"", ""qty"": 1, ""cost"": 23.8, ""profit"": 0.15, ""fixed_price"": 18.0, ""comp_price"": 19.51}, {""name"": ""\u30102\u74f6\u88c5\u3011\u732b\u54aa\u5c41\u80a1\u5e72\u6d17\u6ce1"", ""qty"": 1, ""cost"": 32.8, ""profit"": 0.15, ""fixed_price"": 23.0, ""comp_price"": 25.62}, {""name"": ""\u30102\u74f6\u88c5\u3011\u732b\u54aa\u9664\u81ed\u5e72\u6d17\u6ce136.8"", ""qty"": 1, ""cost"": 36.8, ""profit"": 0.15, ""fixed_price"": 26.0, ""comp_price"": 28.23}]",11-24 11:22,,,,,,
db_images/024臭氧家用空气净化器除甲醛除异味卫生间厕所宠物除臭神器_1763953776.png,024臭氧家用空气净化器除甲醛除异味卫生间厕所宠物除臭神器,0.5,1,30.0x15.0x4.0,100.0,15.0%,0.0%,32.14,39.9,140.0,42.5,"Ozone Household Air Purifier - All-in-One Formaldehyde Remover, Bathroom & Pet Odor Eliminator

Elevate Air Quality for Home & Car—Your Ultimate Solution to Odors, Toxins & Germs!

Overview

Meet your all-in-one air care hero: this ozone air purifier combines negative ion purification, UV sterilization, ozone formaldehyde removal, and pet-specific deodorization in one compact device. Designed for dual-scene use (home + car), it doesn’t just banish pet odors—it also eliminates formaldehyde, kills harmful bacteria, and filters dust, keeping the air in your living spaces and vehicle clean, fresh, and safe for you and your furry friends.

Core Features

• 4-in-1 Powerhouse for Total Air Care: Why buy multiple devices when one does it all? Negative ions trap dust and odor molecules; UV light zaps harmful bacteria; ozone breaks down formaldehyde and tough odors—all working together to transform stale, polluted air into a breath of fresh air.

• Pet Odor Terminator: Tired of lingering pet waste smells, fur odors, or litter box stench? This purifier targets and neutralizes pet-specific odors at the source, leaving no masking fragrances—just pure, odor-free air in your home (including bathrooms, pet zones) and car.

• Dual-Scene Versatility (Home + Car): From your living room, bedroom, and bathroom to your car’s interior, this device fits seamlessly into every space. One purifier = complete air protection for your entire daily life—no need to invest in separate home and car units.

• Plug & Play Simplicity: No complicated setups or tech headaches! With a sleek, user-friendly design, it’s ready to use in seconds. Just place it, turn it on, and let it work its magic—perfect for busy pet parents and anyone who wants effortless air improvement.

Specifications

• Applicable Scenarios: Household (living rooms, bedrooms, bathrooms, pet activity areas), automotive interiors

• Type: Multi-functional air purifier (negative ion + UV sterilization + ozone, formaldehyde removal + pet deodorization)

After-Sales & Logistics

• Specific delivery time and shipping costs are subject to the product detail page

Call to Action

Click the link to order now! One device solves ALL your air troubles—pet odors, formaldehyde, bacteria, and dust—for home and car. Breathe easier, live healthier, and give your pets a fresh, safe environment they deserve!

",重量和尺寸暂未亲自核实，仅为商家告知。,https://mobile.yangkeduo.com/goods.html?ps=8TGJGt8WIF,https://sg.shp.ee/9EzdiQN,"[{""name"": ""\u9ed1/\u767d\u8272\u63d2\u7535\u6b3e\u90011\u74f6\u9999\u85b0"", ""qty"": 1, ""cost"": 100.0, ""profit"": 0.15, ""fixed_price"": 39.9, ""comp_price"": 42.5}, {""name"": ""\u9ed1/\u767d\u8272\u63d2\u7535\u6b3e\u90013\u74f6\u9999\u85b0"", ""qty"": 1, ""cost"": 110.0, ""profit"": 0.15, ""fixed_price"": 45.0, ""comp_price"": 0.0}, {""name"": ""\u9ed1/\u767d\u8272\u63d2\u7535\u5145\u7535\u4e24\u7528\u6b3e\u90011\u74f6\u9999\u85b0"", ""qty"": 1, ""cost"": 130.0, ""profit"": 0.15, ""fixed_price"": 49.9, ""comp_price"": 50.4}, {""name"": ""\u9ed1/\u767d\u8272\u63d2\u7535\u5145\u7535\u4e24\u7528\u6b3e\u90013\u74f6\u9999\u85b0"", ""qty"": 1, ""cost"": 140.0, ""profit"": 0.15, ""fixed_price"": 55.0, ""comp_price"": 0.0}]",11-24 11:09,,,,,,
db_images/023宠物净味器 猫砂盆伴侣除臭去味杀菌猫咪狗狗无味智能净化器_1763953289.png,023宠物净味器 猫砂盆伴侣除臭去味杀菌猫咪狗狗无味智能净化器,0.5,1,0.0x0.0x0.0,100.0,15.0%,0.0%,32.14,33.0,140.0,31.0,"Pet Odor Eliminator

Overview

This pet odor eliminator is an intelligent purification device specially designed for cats and dogs. Positioned as a dedicated litter box companion, it integrates deodorization and sterilization functions, creating an odor-free living environment for pets and suitable for home use.

Core Features

• Intelligent Odor Elimination & Sterilization: Combines deodorization and sterilization capabilities to specifically target and solve litter box odor issues. It purifies the air at the source and inhibits bacterial growth.

• Litter Box-Specific Design: Tailored as a litter box companion, it fits seamlessly into pets’ daily use scenarios, precisely covering odor sources for more efficient purification.

• Odor-Free Comfort: After operation, it maintains an odor-free environment in pets’ activity areas, preventing odor diffusion and enhancing home comfort.

• Smart & Easy Operation: Equipped with intelligent operation modes, no complex setup is required. It is suitable for daily home use, easily safeguarding the living environment of both pets and their families.

Specifications

• Suitable For: Cats, dogs

• Type: Intelligent pet odor eliminator (litter box companion, deodorization + sterilization)

After-Sales & Logistics

• Specific delivery time and shipping costs are subject to the product detail page

Promotion Information

Click the link to place your order, giving your pet an odor-free and clean living space. Litter box odors and bacteria are resolved with one click—smart, convenient, and reassuring!

",重量和尺寸暂未亲自核实，仅为商家告知。,https://mobile.yangkeduo.com/goods1.html?ps=qOLxNbcubj,https://sg.shp.ee/WESayKk,"[{""name"": ""1\u4ef6\u88c5"", ""qty"": 1, ""cost"": 100.0, ""profit"": 0.15, ""fixed_price"": 33.0, ""comp_price"": 31.0}]",11-24 11:01,,,,,,
db_images/022【养宠必备】宠物消臭除异味除臭家用车用空气净化_1763952017.png,022【养宠必备】宠物消臭除异味除臭家用车用空气净化,0.99,1,0.0x0.0x0.0,12.8,15.0%,0.0%,12.5,15.0,52.8,15.89,"Pet Deodorizing Air Freshener

Overview

This pet deodorizing air freshener is specially designed for cats and dogs. As a cleaning essential targeting litter box odors, pet urine smells, and other unpleasant scents, it quickly eliminates odors in pets’ living environments, freshens the air, and improves the home atmosphere—ideal for daily use in pet households.

Core Features

• Targeted Odor Removal: Specifically addresses common pet odors like litter box stench and urine smell by breaking them down at the source, rather than just masking them.

• Rapid Action: Sprays quickly disperse and decompose odor molecules, freshening the air in no time and freeing your home from pet odor troubles.

• Pet-Friendly Formula: Mild and gentle, suitable for indoor spaces where cats and dogs live. It won’t irritate pets, ensuring safe use.

• Convenient & Practical: Comes in a spray design for easy operation. Can be directly sprayed on odor hotspots such as around litter boxes, pet beds, and room corners.

Specifications

• Suitable For: Cats, dogs

• Type: Pet-specific air freshener (deodorizing essential, focusing on litter box and urine odor removal)

After-Sales & Logistics

• Specific delivery time and shipping costs are subject to the product detail page

Click the link to place your order—solve pet odor problems without spending a fortune, keep your home fresh at all times, and make pet parenting more enjoyable!",重量和尺寸暂未亲自核实，仅为商家告知。,https://mobile.yangkeduo.com/goods.html?ps=aS1YSNpUSj,https://sg.shp.ee/Lh5gNsc,"[{""name"": ""1\u76d2\u88c5"", ""qty"": 1, ""cost"": 12.8, ""profit"": 0.15, ""fixed_price"": 15.0, ""comp_price"": 15.89}, {""name"": ""3\u76d2\u88c5"", ""qty"": 1, ""cost"": 24.0, ""profit"": 0.15, ""fixed_price"": 21.0, ""comp_price"": 23.0}, {""name"": ""5\u76d2\u88c5"", ""qty"": 1, ""cost"": 36.0, ""profit"": 0.15, ""fixed_price"": 29.0, ""comp_price"": 31.0}, {""name"": ""7\u76d2\u88c5"", ""qty"": 1, ""cost"": 46.0, ""profit"": 0.15, ""fixed_price"": 36.0, ""comp_price"": 38.0}, {""name"": ""9\u76d2\u88c5"", ""qty"": 1, ""cost"": 56.0, ""profit"": 0.15, ""fixed_price"": 43.0, ""comp_price"": 45.0}]",11-24 10:40,,,,,,
db_images/021纽柯莱德爱宠去毛洗衣液猫咪狗狗衣服床垫宠物专用去毛除菌螨去味-tmall.com天猫_1763951649.png,021纽柯莱德爱宠去毛洗衣液猫咪狗狗衣服床垫宠物专用去毛除菌螨去味-tmall.com天猫,1.1,1,0.0x0.0x0.0,26.0,15.0%,0.0%,15.99,19.9,68.3,0.0,"Pet Hair-Removing Laundry Detergent

Overview

This pet hair-removing laundry detergent is specially designed for cleaning cats', dogs', and other pets' clothing and household fabrics. It integrates four key functions: removing pet hair, eliminating bacteria, killing mites, and neutralizing odors. It effectively cleans pet clothes, mattresses, beddings, and other textiles, reducing hair residue and unpleasant smells while inhibiting the growth of bacteria and mites—protecting the health of both pets and their families.

Core Features

• Powerful Hair Removal: Targets the tendency of pet hair to cling to fabrics, effectively lifting and removing hair during washing, minimizing post-wash residue for cleaner clothes.

• Multi-Effect Cleaning: Combines bacteria elimination (inhibits harmful bacteria), mite removal (eliminates fabric-dwelling mites), and odor neutralization (breaks down pet-related smells) for deep, comprehensive cleaning.

• Pet-Safe Formula: Gentle and non-irritating, suitable for washing pets' close-fitting clothing and frequently contacted textiles, ensuring safety and peace of mind.

• Versatile Use: Not only for pet clothes but also ideal for cleaning pet mattresses, beddings, towels, and other household fabrics—highly practical for everyday use.

Specifications

• Suitable For: Clothing and household textiles used by cats, dogs, and other pets

• Type: Pet-specific laundry detergent (4-in-1: hair removal, bacteria elimination, mite removal, odor control)

After-Sales & Logistics

• Specific delivery time and shipping costs are subject to the product detail page

Click the link to place your order and give your pet’s laundry a thorough clean—say goodbye to hair, odors, and mites, and protect your family’s health at a great value!",重量和尺寸暂未亲自核实，仅为商家告知。,https://e.tb.cn/h.SMBn5xCEN9VHO1d?tk=jL24fgPEC7L,,"[{""name"": ""1\u74f6\u88c5"", ""qty"": 1, ""cost"": 26.0, ""profit"": 0.15, ""fixed_price"": 19.9, ""comp_price"": 0.0}]",11-24 10:34,,,,,,
db_images/020.2宠物除臭剂杀菌去尿味猫咪狗狗专用除味剂喷雾室内猫尿猫砂分解剂-tmall.com天猫：3瓶装_1763950860.png,020.2宠物除臭剂杀菌去尿味猫咪狗狗专用除味剂喷雾室内猫尿猫砂分解剂-tmall.com天猫：3瓶装,1.2,1,0.0x0.0x0.0,58.5,15.0%,0.0%,23.83,30.0,103.1,33.34,"Pet-Specific Plant Extract Deodorizing Spray

Overview

This pet-specific deodorizing spray is formulated with natural plant extracts and specially designed for cats and dogs. It effectively breaks down pet odors such as urine and feces at the source, while providing 99.9% bacteria inhibition and 100% mite elimination. The non-toxic, non-irritating formula is safe even if licked by pets, making it ideal for use in indoor environments—such as litter boxes, carpets, sofas, and more. It is an essential cleaning product for any pet household.

Core Features

• Odor Elimination at the Source: Rapidly breaks down malodorous molecules from pet waste instead of masking them, significantly reducing urine and other unpleasant smells in just 3 seconds.

• Powerful Bacteria and Mite Control: Lab-tested to inhibit 99.9% of bacteria and eliminate 100% of mites, effectively improving home hygiene.

• Safe for Licking: Features a non-toxic, non-irritating formula that is harmless even if pets lick the sprayed area, offering peace of mind during use.

• Quick-Drying Formula: Dries rapidly after application, leaving no water stains or sticky residue—perfect for use on litter boxes, pet beds, furniture, and other surfaces.

• Natural Plant-Based Ingredients: Made with gentle, eco-friendly botanical extracts, safe for both pets and family members.

Specifications

• Suitable For: Cats and dogs (universal)

• Type: Pet deodorizing spray (3-in-1: odor removal, bacteria killing, mite elimination)

• Net Weight: 300g

• Application Areas: Litter boxes, pet beds, carpets, sofas, floors, and other indoor surfaces

After-Sales & Logistics

• Specific delivery time and shipping costs are subject to the product detail page

Promotion Information

Click the link to place your order and easily eliminate pet odors—leaving your home fresher and more comfortable for everyone!",重量和尺寸暂未亲自核实，仅为商家告知。,https://mobile.yangkeduo.com/goods.html?ps=7Gikda4JMZ,https://sg.shp.ee/37cmJCY,"[{""name"": ""3\u74f6\u88c5"", ""qty"": 1, ""cost"": 58.5, ""profit"": 0.15, ""fixed_price"": 30.0, ""comp_price"": 33.34}]",11-24 10:21,,,,,,
db_images/020.1宠物除臭剂杀菌去尿味猫咪狗狗专用除味剂喷雾室内猫尿猫砂分解剂-tmall.com天猫：2瓶装_1763950390.png,020.1宠物除臭剂杀菌去尿味猫咪狗狗专用除味剂喷雾室内猫尿猫砂分解剂-tmall.com天猫：2瓶装,0.8,1,0.0x0.0x0.0,43.5,15.0%,0.0%,19.41,25.9,83.5,28.2,"Pet-Specific Plant Extract Deodorizing Spray

Overview

This pet-specific deodorizing spray is formulated with natural plant extracts and specially designed for cats and dogs. It effectively breaks down pet odors such as urine and feces at the source, while providing 99.9% bacteria inhibition and 100% mite elimination. The non-toxic, non-irritating formula is safe even if licked by pets, making it ideal for use in indoor environments—such as litter boxes, carpets, sofas, and more. It is an essential cleaning product for any pet household.

Core Features

• Odor Elimination at the Source: Rapidly breaks down malodorous molecules from pet waste instead of masking them, significantly reducing urine and other unpleasant smells in just 3 seconds.

• Powerful Bacteria and Mite Control: Lab-tested to inhibit 99.9% of bacteria and eliminate 100% of mites, effectively improving home hygiene.

• Safe for Licking: Features a non-toxic, non-irritating formula that is harmless even if pets lick the sprayed area, offering peace of mind during use.

• Quick-Drying Formula: Dries rapidly after application, leaving no water stains or sticky residue—perfect for use on litter boxes, pet beds, furniture, and other surfaces.

• Natural Plant-Based Ingredients: Made with gentle, eco-friendly botanical extracts, safe for both pets and family members.

Specifications

• Suitable For: Cats and dogs (universal)

• Type: Pet deodorizing spray (3-in-1: odor removal, bacteria killing, mite elimination)

• Net Weight: 300g

• Application Areas: Litter boxes, pet beds, carpets, sofas, floors, and other indoor surfaces

After-Sales & Logistics

• Specific delivery time and shipping costs are subject to the product detail page

Promotion Information

Click the link to place your order and easily eliminate pet odors—leaving your home fresher and more comfortable for everyone!",重量和尺寸暂未亲自核实，仅为商家告知。,https://mobile.yangkeduo.com/goods.html?ps=7Gikda4JMZ,https://sg.shp.ee/pSFfPrh,"[{""name"": ""2\u74f6\u88c5"", ""qty"": 1, ""cost"": 43.5, ""profit"": 0.15, ""fixed_price"": 25.9, ""comp_price"": 28.2}]",11-24 10:12,,,,,,
db_images/020宠物除臭剂杀菌去尿味猫咪狗狗专用除味剂喷雾室内猫尿猫砂分解剂-tmall.com天猫：1瓶装_1763950001.png,020宠物除臭剂杀菌去尿味猫咪狗狗专用除味剂喷雾室内猫尿猫砂分解剂-tmall.com天猫：1瓶装,0.4,1,0.0x0.0x0.0,26.0,15.0%,0.0%,16.48,16.48,66.0,20.48,"Pet-Specific Plant Extract Deodorizing Spray

Overview

This pet-specific deodorizing spray is formulated with natural plant extracts and specially designed for cats and dogs. It effectively breaks down pet odors such as urine and feces at the source, while providing 99.9% bacteria inhibition and 100% mite elimination. The non-toxic, non-irritating formula is safe even if licked by pets, making it ideal for use in indoor environments—such as litter boxes, carpets, sofas, and more. It is an essential cleaning product for any pet household.

Core Features

• Odor Elimination at the Source: Rapidly breaks down malodorous molecules from pet waste instead of masking them, significantly reducing urine and other unpleasant smells in just 3 seconds.

• Powerful Bacteria and Mite Control: Lab-tested to inhibit 99.9% of bacteria and eliminate 100% of mites, effectively improving home hygiene.

• Safe for Licking: Features a non-toxic, non-irritating formula that is harmless even if pets lick the sprayed area, offering peace of mind during use.

• Quick-Drying Formula: Dries rapidly after application, leaving no water stains or sticky residue—perfect for use on litter boxes, pet beds, furniture, and other surfaces.

• Natural Plant-Based Ingredients: Made with gentle, eco-friendly botanical extracts, safe for both pets and family members.

Specifications

• Suitable For: Cats and dogs (universal)

• Type: Pet deodorizing spray (3-in-1: odor removal, bacteria killing, mite elimination)

• Net Weight: 300g

• Application Areas: Litter boxes, pet beds, carpets, sofas, floors, and other indoor surfaces

After-Sales & Logistics

• Specific delivery time and shipping costs are subject to the product detail page

Promotion Information

Click the link to place your order and easily eliminate pet odors—leaving your home fresher and more comfortable for everyone!",重量和尺寸暂未亲自核实，仅为商家告知。,https://mobile.yangkeduo.com/goods.html?ps=7Gikda4JMZ,https://sg.shp.ee/WeiMwQA,"[{""name"": ""1\u74f6\u88c5"", ""qty"": 1, ""cost"": 26.0, ""profit"": 0.2, ""fixed_price"": 0.0, ""comp_price"": 20.48}]",11-24 10:06,,,,,,
db_images/019猫狗洗澡手套_1763949402.png,019猫狗洗澡手套,0.3,1,16.0x4.5x22.0,39.0,15.0%,0.0%,18.4,25.0,79.0,40.1,"Pet Bathing Glove

Overview

This pet bathing glove is specially designed for dogs and cats, integrating three functions: scrubbing, massaging, and grooming. Made of thickened material, it features bite-resistant and scratch-resistant properties, making the pet bathing process safer and more efficient, and ensuring a more secure shopping experience.

Core Features

• Multi-Functional Design: Combines scrubbing, massaging, and grooming in one glove. During bathing, it can simultaneously remove dirt, promote blood circulation, and detangle fur, enhancing the overall bathing experience.

• Thickened & Protective: Crafted from thick, durable material, it effectively resists scratches and bites from pets, extending its lifespan and protecting the owner’s hands.

• Skin-Friendly & Comfortable: The glove fits snugly on the hand and is made of soft, skin-friendly fabric that won’t irritate your pet’s skin, helping to reduce stress during bath time.

• Easy to Use: Simply slip it on your hand—no additional tools required. Perfect for daily home use when bathing your dog or cat.

Specifications

• Suitable For: Dogs, cats

• Type: Pet bathing glove (3-in-1: scrub, massage, groom)

After-Sales & Logistics

• Specific delivery time and shipping costs are subject to the product detail page

Click the link to place your order and give your pet a more comfortable and safe bathing experience—while making bath time easier for you!",重量和尺寸暂未亲自核实，仅为商家告知。,https://mobile.yangkeduo.com/goods2.html?ps=qGHmLjkExr,https://sg.shp.ee/CrqWQCS,"[{""name"": ""1\u4ef6\u88c5"", ""qty"": 1, ""cost"": 39.0, ""profit"": 0.15, ""fixed_price"": 25.0, ""comp_price"": 40.1}]",11-24 09:56,,,,,,
db_images/018宠物口腔清新喷雾_1763949049.png,018宠物口腔清新喷雾,0.2,1,0.0x0.0x0.0,30.0,15.0%,0.0%,16.37,23.0,70.0,24.0,"Overview

This pet oral spray is a dental care product specially designed for cats and dogs. Added with lysozyme, it has both bacteriostatic and deodorizing functions. It can specifically improve pet bad breath, is easy to use, and provides protection for pets' oral health.

Core Features

• Dual Effects of Bacteriostasis and Deodorization: Contains lysozyme, which can inhibit the growth of harmful bacteria in the mouth, and quickly neutralize oral odors at the same time, effectively improving pet bad breath and freshening breath.

• Pet-Specific Design: Developed for the oral structure and physiological characteristics of cats and dogs, the spray form is easy to adhere. No forced operation is required, reducing pets' stress reactions.

• Convenient and Efficient Use: Adopts a spray design. It can be used by directly spraying into the pet's mouth, without complicated steps such as brushing teeth. It saves time and is suitable for daily oral care.

• Mild and Safe Ingredients: The formula is mild and non-irritating, will not damage the pet's oral mucosa, and can be used with confidence for a long time.

Specifications

• Suitable For: Cats, dogs

• Type: Pet oral care spray (contains lysozyme, bacteriostatic and deodorizing type)

After-Sales & Logistics

• Genuine product guaranteed, worry-free shopping

• Specific delivery time and freight are subject to the product detail page

Promotion Information

Click the link to place an order, easily solve the trouble of pet bad breath. Daily oral care is efficient and hassle-free, and the genuine guarantee makes you more at ease！",重量和尺寸暂未亲自核实，仅为商家告知。,https://mobile.yangkeduo.com/goods.html?ps=EA0FW3wH32,https://sg.shp.ee/3J9SDD8,"[{""name"": ""\u4e24\u74f6\u88c5"", ""qty"": 1, ""cost"": 30.0, ""profit"": 0.15, ""fixed_price"": 23.0, ""comp_price"": 24.0}]",11-24 09:50,,,,,,
db_images/017宠物免洗泡沫_1763948562.png,017宠物免洗泡沫,0.95,1,15.0x8.0x20.0,37.0,15.0%,0.0%,17.95,22.0,77.0,24.32,"Pet No-Rinse Foam

Overview

This pet no-rinse foam is a dry cleaning product specially designed for pets such as cats, dogs (e.g., Teddy), and rabbits. It has deodorizing and long-lasting fragrance functions, allowing pet cleaning to be completed without water washing. It is easy to use and provides an efficient solution for daily pet cleaning.

Core Features

• No-Rinse Convenience: With a foam (mousse) texture, it requires no water washing. Simply apply and wipe to clean pet hair, especially suitable for pets that are inconvenient to bathe or emergency cleaning scenarios.

• Multi-Effect Care: Integrating cleaning, deodorizing, and fragrance-retaining functions, it can remove odors from pets' bodies, and the fragrance lasts long, keeping pets clean and fresh.

• Suitable for Multiple Pets: Applicable to various pets including cats, dogs (including breeds like Teddy), and rabbits. It has strong versatility and meets the needs of different pet families.

• Gentle and Safe: Specifically designed for pets, it has mild ingredients that are not easy to irritate pets' skin, ensuring safe use.

Specifications

• Suitable For: Cats, dogs (e.g., Teddy), rabbits

• Type: Pet no-rinse foam (dry cleaning mousse / body wash)

After-Sales & Logistics

• Specific delivery time and freight are subject to the product detail page

Click the link to place an order, providing your pet with a convenient dry cleaning experience. It can easily remove odors without water washing, and is more cost-effective as it is suitable for multiple pets!",重量和尺寸暂未亲自核实，仅为商家告知。,https://mobile.yangkeduo.com/goods1.html?ps=MIAeHco3Zo,https://sg.shp.ee/YzLyKj9,"[{""name"": ""1\u4ef6\u88c5"", ""qty"": 1, ""cost"": 37.0, ""profit"": 0.15, ""fixed_price"": 22.0, ""comp_price"": 24.32}]",11-24 09:42,,,,,,
db_images/016实木猫爬架猫窝猫树一体日系剑麻柱形太空舱大型猫架子高层不占空_1763947882.png,016实木猫爬架猫窝猫树一体日系剑麻柱形太空舱大型猫架子高层不占空,9.0,1,48.0x48.0x29.0,198.0,15.0%,0.0%,105.13,133.0,452.0,136.0,"Solid Wood and Rattan Cat Tree (2025 New Arrival)

Overview

This cat tree is a 2025 new product, made of solid wood and rattan materials. It integrates the functions of a cat tree, cat bed, and sisal scratching post. Specifically designed for small apartments, it saves space and can meet cats' needs for climbing, resting, and scratching. It is a practical cat household product.

Core Features

• Multi-Functional Integration: Combines a cat tree, cat bed, and scratching post, providing multiple uses such as climbing, playing, resting, sleeping, and claw grinding. No need to purchase additional cat supplies.

• Small Apartment Adaptation: Compact design that doesn't take up much home space, suitable for placement in small apartments, balancing practicality and space utilization.

• High-Quality Materials: Features a solid wood frame for stability and durability; paired with a rattan cat bed for breathability and comfort; the sisal scratching post is wear-resistant, satisfying cats' natural claw-grinding instinct.

• Export-Quality: Complies with relevant quality standards, with exquisite craftsmanship, ensuring safe and reliable use.

Specifications

• Suitable For: Cats

• Materials: Solid wood, rattan, sisal

• Type: Multi-functional integrated cat tree (including cat bed and scratching post)

After-Sales & Logistics

• Specific delivery time and freight are subject to the product detail page

Promotion Information

Click the link to place an order, giving your cat an exclusive space that combines play, rest, and claw grinding—easily accommodated even in small apartments!",重量和尺寸暂未亲自核实，仅为商家告知。,https://detail.1688.com/offer/883966729086.html?spm=a262uh.11734178.favorite-offers-offer-list-offer7.2.52422ef6LN2zrC,https://sg.shp.ee/5cu2uYE,"[{""name"": ""1\u4ef6\u88c5"", ""qty"": 1, ""cost"": 198.0, ""profit"": 0.15, ""fixed_price"": 133.0, ""comp_price"": 136.0}]",11-24 09:31,,,,,,
db_images/015宠物电推剪电动推子狗狗推毛器猫咪剃毛器理发器狗剪毛理发剪-淘宝网_1763913418.png,015宠物电推剪电动推子狗狗推毛器猫咪剃毛器理发器狗剪毛理发剪-淘宝网,0.5,1,21.5x13.5x6.5,16.5,15.0%,0.0%,14.37,14.5,59.5,12.0,"Pet Electric Hair Clippers

Overview

This pet electric hair clipper (electric trimmer) is a hair-cutting tool specially designed for dogs and cats. It combines the functions of hair pushing, shaving, and hair cutting, which can conveniently handle pets' hair, meet the daily needs of pet hair trimming, and is a practical pet grooming tool.

Core Features

	•	Multi-Purpose Trimming: Integrates the functions of hair pushing, shaving, and hair cutting. It can trim hair on different parts of pets according to needs, without the need for additional matching of multiple tools.

	•	Pet-Specific Design: Designed according to the hair texture and skin characteristics of dogs and cats, it is not easy to scratch pets' skin during use and reduces pets' stress reactions.

	•	Easy Operation: As an electric trimmer, it is simple and easy to use, suitable for daily pet hair trimming at home, without the need for professional grooming skills.

Specifications

	•	Suitable For: Dogs, cats

	•	Type: Pet-specific electric hair clippers (electric trimmers / hair shavers / hair cutters)",,https://detail.1688.com/offer/705157257065.html?_t=1756213174028&spm=a2615.7691456/2506.co_1_0_wangpu_score_0_0_0_0_0_0_0000_0.0,https://sg.shp.ee/u3Z6QbU，https://sg.shp.ee/7d2XvUv,"[{""name"": ""\u8584\u5200\u5ba0\u7269\u526a\u2014\u2014\u9676\u74f7\u5200\u6807\u914d"", ""qty"": 1, ""cost"": 16.5, ""profit"": 0.15, ""fixed_price"": 14.5, ""comp_price"": 12.0}, {""name"": ""\u8584\u5200\u5ba0\u7269\u526a\u3010\u7f8e\u5bb95\u4ef6\u5957+\u94a2\u68b3\u3011\u9676\u74f7\u5200"", ""qty"": 1, ""cost"": 24.5, ""profit"": 0.15, ""fixed_price"": 17.0, ""comp_price"": 18.96}]",11-23 23:56,,,,,,
db_images/014.2宠物烘干箱小型吹风机烘干袋配套吹风_1763913275.png,014.2宠物烘干箱小型吹风机烘干袋配套吹风,0.5,1,0.0x0.0x0.0,13.0,15.0%,0.0%,14.25,14.5,59.0,14.6,,,https://mobile.yangkeduo.com/goods.html?ps=Pq8V3VOWIa,https://sg.shp.ee/pfXX4pC,"[{""name"": ""1\u4ef6\u88c5"", ""qty"": 1, ""cost"": 13.0, ""profit"": 0.15, ""fixed_price"": 14.5, ""comp_price"": 14.6}]",11-23 23:54,,,,,,
db_images/014.1宠物烘干箱小型吹风机烘干袋 猫咪狗狗吹毛吹干 洗澡烘干_1763912707.png,014.1宠物烘干箱小型吹风机烘干袋 猫咪狗狗吹毛吹干 洗澡烘干,1.0,1,0.0x0.0x0.0,41.05,15.0%,0.0%,20.19,21.0,87.05,20.98,"Pet-Specific Drying Cabinet

Overview

This pet-specific drying cabinet integrates drying and hair-blowing functions, and includes a drying bag design. It is a home-use hair-drying tool for dogs and cats after bathing, suitable for small pets. It can safely and efficiently dry pets' hair, is easy to use, and provides support for pet cleaning and care.

Core Features

	•	Multi-Functional Drying: Combines drying and hair-blowing functions, no need to match an additional hair dryer. It can quickly remove moisture from pets' hair to prevent pets from catching cold, and is especially suitable for pets whose hair is difficult to dry after bathing.

	•	Drying Bag Design: Equipped with a drying bag, it can wrap pets to reduce hair splashing. At the same time, it creates a relatively enclosed drying environment, improves drying efficiency, and keeps the home tidy.

	•	Suitable for Small-Sized Home Use: Compact in size, suitable for placement and use in home scenarios. Designed for small pets, it has high space adaptability and does not take up too much space during operation.

	•	Safe and Convenient: It operates gently, reducing pets' stress reactions to drying equipment. The operation is simple, and no professional skills are required to use it.

Specifications

	•	Suitable For: Dogs, cats (mainly small pets; specific applicable sizes are subject to the product detail page)

	•	Type: Pet-specific drying cabinet (includes drying bag, with hair dryer function)

	•	Specific shipping time and freight are subject to the product detail page

Promotion Information

Click the link to place an order, providing small pets with a safe drying experience that can be enjoyed at home. Say goodbye to the trouble of blowing hair, and make cleaning and care easier!",,https://detail.1688.com/offer/897129533091.html?spm=a262uh.11734178.favorite-offers-offer-list-offer1.2.291a2ef6lLbPS9,https://sg.shp.ee/uNy9jqk,"[{""name"": ""\u4e2d\u53f7"", ""qty"": 1, ""cost"": 41.05, ""profit"": 0.15, ""fixed_price"": 21.0, ""comp_price"": 20.98}, {""name"": ""\u5927\u53f7"", ""qty"": 1, ""cost"": 43.43, ""profit"": 0.15, ""fixed_price"": 22.0, ""comp_price"": 21.75}, {""name"": ""\u8d85\u5927\u53f7"", ""qty"": 1, ""cost"": 47.23, ""profit"": 0.15, ""fixed_price"": 23.0, ""comp_price"": 22.96}]",11-23 23:45,,,,,,
db_images/013宠物吹洗一体吹水机1688_1763912119.png,013宠物吹洗一体吹水机1688,3.7,1,36.5x19.0x27.0,235.0,15.0%,0.0%,76.41,96.0,337.1,102.0,"Pet 2-in-1 Blowing & Suction Hair Dryer

Overview

This pet hair dryer adopts a 2-in-1 blowing and suction design with high-power performance. It is a specialized hair-drying tool for dogs (especially large breeds) and cats after bathing, which can efficiently meet the needs of drying pet hair. It is easy to use and provides reliable support for pet cleaning and care.

Core Features

• 2-in-1 Blowing & Suction Function: Integrates blowing and suction functions. It not only dries pet hair quickly but also cleans up loose hair that falls off during the hair-drying process, keeping the environment tidy.

• High-Power Adaptability: With strong power, sufficient wind force, and fast wind speed, it can easily penetrate the thick hair of large dogs, shorten drying time, and prevent pets from catching cold due to long-term hair drying.

• Suitable for Multiple Pets: Compatible with dogs (including large breeds) and cats, adapting to the hair-drying needs of pets of different sizes, with strong versatility.

• Easy Operation: Specifically designed for pet care, it is simple to operate, can reduce pets' stress reactions during use, and improve the hair-drying experience.

Specifications

• Suitable For: Dogs (including large breeds), cats

• Type: 2-in-1 blowing & suction pet hair dryer (high-power)

After-Sales & Logistics

• Specific shipping time and freight are subject to the product detail page

Promotion Information

Click the link to place an order, providing your pet (especially large dogs) with an efficient and hassle-free hair-drying experience. It can also clean loose hair at the same time, achieving two goals with one action!",重量和尺寸暂未亲自核实，仅为商家告知。,https://detail.1688.com/offer/768494353115.html?_t=1756027273801&spm=a2615.7691456.co_1_0_wangpu_score_0_0_0_0_0_0_0000_0.0,无,"[{""name"": ""1\u4ef6\u88c5"", ""qty"": 1, ""cost"": 235.0, ""profit"": 0.15, ""fixed_price"": 96.0, ""comp_price"": 102.0}]",11-23 23:33,,,,,,
db_images/012宠物吹水机1688_1763911540.png,012宠物吹水机1688,3.7,1,36.5x19.0x27.0,185.0,15.0%,0.0%,67.0,67.0,287.1,62.0,"Pet Hair Dryer (Blower)

Overview

This pet hair dryer is a specialized hair-drying device for dogs, compatible with both commercial and home scenarios. It features high power and quiet operation, and is also suitable for cats. It can efficiently dry pet hair, making it a practical tool for drying pets' hair after bathing, ensuring safe and reliable use.

Core Features

	•	High-Power & Efficient Drying: With strong power, sufficient wind force, and even heating, it can quickly penetrate pets' thick fur, shorten drying time, and prevent pets from catching cold. It is especially suitable for dogs with thick coats.

	•	Quiet Design: It operates with low noise, reducing pets' fear of hair-drying equipment, lowering stress reactions, and improving the comfort of the hair-drying process.

	•	Two-Scenario Adaptation: It meets both commercial needs (such as pet salons) and home needs, with stable performance to satisfy pet hair care requirements in different scenarios.

	•	Multi-Pet Compatibility: Although it is mainly designed for dogs, it is also suitable for cats. One device can meet the hair-drying needs of multi-pet families.

Specifications

	•	Suitable For: Dogs (main target), cats

	•	Type: High-power quiet pet hair dryer (for both commercial and home use)

After-Sales & Logistics

	•	Specific shipping time and freight are subject to the product detail page

Promotion Information

Click the link to place an order. Whether for daily home care or professional commercial needs, it can provide pets with an efficient and quiet hair-drying experience, and it is more cost-effective for multi-scenario use!",重量和尺寸暂未亲自核实，仅为商家告知。,https://detail.1688.com/offer/688959932012.html?spm=a262uh.11734178.favorite-offers-offer-list-offer1.2.52422ef60Wg0sY,https://sg.shp.ee/8ry2KCn,"[{""name"": ""1\u4ef6\u88c5"", ""qty"": 1, ""cost"": 185.0, ""profit"": 0.15, ""fixed_price"": 67.0, ""comp_price"": 62.0}]",11-23 23:25,,,,,,
db_images/011艾主人宠物吹水机狗狗吹风机美毛机烘干机一体机洗澡专用神器吹毛_1763909191.png,011艾主人宠物吹水机狗狗吹风机美毛机烘干机一体机洗澡专用神器吹毛,4.67,1,41.5x20.0x31.8,299.0,15.0%,0.0%,95.82,168.0,423.41,0.0,"Pet Hair Dryer (Blower)

Overview

This pet hair dryer combines the functions of a blower, hair beauty machine, and dryer. It is a specialized hair-drying tool for dogs after bathing, capable of quickly drying pet hair while also having a hair-beautifying effect, providing convenience for pet cleaning and care.

Core Features

	•	Multi-functional Integration: Integrates functions of water blowing, drying, and hair beautifying. One machine meets multiple needs of pet hair care after bathing, without the need for additional equipment.

	•	Efficient Drying: With strong wind power and appropriate temperature, it can quickly penetrate thick pet hair, shorten drying time, and prevent pets from catching cold.

	•	Hair Beauty Care: It can comb hair during the drying process, making the hair smoother and fluffier, with both drying and care effects.

	•	Specialized Design: Designed according to the characteristics of pet hair, it is safe and convenient to use, reducing pets' stress reactions.

Specifications

	•	Suitable For: Mainly applicable to dogs (specific suitable sizes are subject to the product detail page)

	•	Type: Integrated machine of hair dryer (blower), hair beauty machine, and dryer

After-Sales & Logistics

	•	Guaranteed genuine products, worry-free shopping

	•	Specific delivery time and freight are subject to the product detail page

Promotion Information

Click the link to place an order, giving your pet an efficient and comfortable hair-drying experience, with the assurance of genuine products for greater peace of mind!",重量和尺寸暂未亲自核实，仅为商家告知。,https://detail.tmall.com/item.htm?id=684732359191&pisk=gVFElKAki6CUhqK1Olhy0iYo3fGKTbSj-7iSrz4oRDm3dz0oalq5JDalvuPrjl8CvJiSaurz4Di3d0Gz4camADZSt0rzXl2QO0NzBQzYyW_KNwhLJbhlci1jayUKwAno4hNEjd08SBxnrOGMvlPQdi1fGyBnJbaGc7sw8XgZlQcoKYxgSc3m-QqoKAviX43kx4Ah7Pmtj2xoqQfMIq3XEeqorF0io43kt2vns10Sj0coZu4G74iiqbcuqPcF-SVJb4MhSwD8FbQmvvo0-cR4W5u3LpUEb_fz_0MEmIiwZQVZ8z5AB0dVFm2xAxiTj1OEaP0z0qrejGlu7WFqIWj9aoranfuTBgJr084QH8DN-64ZTDk41ATHUXyuv7kLLUQYSXqTHmHhBG3aOSMrDA-GxPaZxxyzAGdoA-zgbxN6fIGgoRlN4Zx-SmYUww4kUv0t7m_N7dsXhRyLfmAXeLHdJVof-vvJev0t7m_N7Lp-pk3ZcwDh.&spm=tbpc.mytb_itemcollect.item.goods&upStreamPrice=26900,https://sg.shp.ee/4tskm2W,"[{""name"": ""\u57fa\u7840\u6b3e"", ""qty"": 1, ""cost"": 299.0, ""profit"": 0.15, ""fixed_price"": 168.0, ""comp_price"": 0.0}, {""name"": ""\u57fa\u7840\u6b3ePro"", ""qty"": 1, ""cost"": 348.0, ""profit"": 0.15, ""fixed_price"": 188.0, ""comp_price"": 0.0}, {""name"": ""\u7ecf\u5178\u6b3e"", ""qty"": 1, ""cost"": 369.0, ""profit"": 0.15, ""fixed_price"": 189.0, ""comp_price"": 189.55}, {""name"": ""\u7ecf\u5178\u6b3e\uff08\u914d\u6536\u7eb3\u888b\uff09"", ""qty"": 1, ""cost"": 389.0, ""profit"": 0.15, ""fixed_price"": 200.0, ""comp_price"": 203.29}, {""name"": ""\u7ecf\u5178\u6b3ePro"", ""qty"": 1, ""cost"": 459.0, ""profit"": 0.15, ""fixed_price"": 205.0, ""comp_price"": 207.65}, {""name"": ""\u7ecf\u5178\u6b3ePro-\uff08pdd\u7f3a\u8d27\uff09"", ""qty"": 1, ""cost"": 424.0, ""profit"": 0.15, ""fixed_price"": 200.0, ""comp_price"": 0.0}, {""name"": ""\u65d7\u8230\u6b3e"", ""qty"": 1, ""cost"": 519.0, ""profit"": 0.15, ""fixed_price"": 255.0, ""comp_price"": 260.4}, {""name"": ""\u65d7\u8230\u6b3e\uff08\u914d\u6536\u7eb3\u888b\uff09"", ""qty"": 1, ""cost"": 529.0, ""profit"": 0.15, ""fixed_price"": 260.0, ""comp_price"": 265.42}]",11-23 22:46,,,,,,
db_images/010美诗语宠物湿巾6包每包80片清洁猫咪狗狗身体眼部耳朵卫生湿纸巾（要适当囤货，单价偏高没竞争力，适合走大件海运，目前暂按小件海运及空运计算，但成本偏高）_1763908343.png,010美诗语宠物湿巾6包每包80片清洁猫咪狗狗身体眼部耳朵卫生湿纸巾（要适当囤货，单价偏高没竞争力，适合走大件海运，目前暂按小件海运及空运计算，但成本偏高）,2.5,1,10.0x10.0x11.0,13.5,15.0%,0.0%,20.4,21.0,88.0,5.1,"Overview

This Meishiyu pet wet wipes come in a pack of 6, with 80 sheets per pack. Specifically designed for cleaning the body, eyes, and ears of cats and dogs, they can effectively remove dirt and odors from pets' bodies, keeping pets clean. They are convenient daily cleaning supplies for pets.

Core Features

• Multi-area Cleaning: Suitable for multiple parts of pets such as the body, eyes, and ears, meeting different cleaning needs and helping maintain pet hygiene.

• Adequate Packaging: 6 packs with a total of 480 sheets, providing sufficient quantity for long-term use and offering high cost performance.

• Gentle and Convenient: The wipes are soft in texture and easy to use, allowing cleaning without water, especially suitable for times when bathing is inconvenient.

Specifications

• Suitable For: Cats, dogs

• Specification: 6 packs/set, 80 sheets per pack

Promotion Information

Click the link to place an order, providing a convenient daily cleaning solution for your pets to keep them fresh and clean!",（要适当囤货，单价偏高没竞争力，适合走大件海运，目前暂按小件海运及空运计算，但成本偏高）重量和尺寸暂未亲自核实，仅为商家告知。,https://qr.1688.com/s/bdu4LY1r,https://sg.shp.ee/RVpz2V5,"[{""name"": ""1\u4ef6\u88c5"", ""qty"": 1, ""cost"": 13.5, ""profit"": 0.15, ""fixed_price"": 21.0, ""comp_price"": 5.1}]",11-23 22:31,,,,,,
db_images/009特迷家狗玩具边牧不倒翁狗狗解闷磨牙漏食器狗粮漏食球耐咬宠物_1763907581.png,009特迷家狗玩具边牧不倒翁狗狗解闷磨牙漏食器狗粮漏食球耐咬宠物,0.4,1,10.0x10.0x11.0,12.0,15.0%,0.0%,12.3,12.5,52.0,8.8,"Dog Treat-Dispensing Ball Toy

Overview

This treat-dispensing ball combines the functions of a toy and a feeder, featuring a tumbler design. Suitable for both dogs and cats, it can be filled with dog food or pet snacks. Through its treat-dispensing structure, pets can get food while playing, achieving the effects of relieving boredom and grinding teeth. The bite-resistant material is suitable for long-term use, making it a practical interactive pet toy.

Core Features

• Treat-Dispensing & Boredom Relief: Equipped with a built-in treat outlet, pets can make food leak out slowly by rolling and biting, extending eating time and alleviating boredom.

• Tumbler Design: The stable center of gravity at the bottom allows it to automatically reset after rolling, increasing playfulness and stimulating pets' desire to move.

• Bite-Resistant Material: Made of tough materials, it is wear-resistant and not easy to damage, suitable for dogs' natural biting instinct, ensuring a long service life.

• Wide Application: Compatible with dog food, pet snacks, etc., suitable for both dogs and cats, meeting the interactive needs of different pets.

Specifications

• Suitable For: Dogs, cats

• Material: Bite-resistant material (details subject to the product page)

Promotion Information

Click the link to place an order, giving your pet a toy that combines play and feeding, keeping them active during interaction!",重量和尺寸暂未亲自核实，仅为商家告知。,https://e.tb.cn/h.hoI4Fz8ikSTFGrH?tk=FmSf4TdrNnT,https://sg.shp.ee/E3tJxS2,"[{""name"": ""1\u4ef6\u88c5"", ""qty"": 1, ""cost"": 12.0, ""profit"": 0.15, ""fixed_price"": 12.5, ""comp_price"": 8.8}]",11-23 22:19,,,,,,
db_images/008纯木薯猫砂除臭无尘结团快不粘底不铲屎皮小兽银标环保植物颗粒砂_1763881991.png,008纯木薯猫砂除臭无尘结团快不粘底不铲屎皮小兽银标环保植物颗粒砂,2.5,1,31.5x7.5x35.5,25.0,15.0%,0.0%,22.99,23.7,99.5,9.9,"Overview

This Pixiaoshou cassava cat litter is made from pure plant-based raw materials with no formaldehyde added. Featuring small particle design, it has the characteristics of deodorization, dust-free, fast clumping, and non-sticking to the bottom. It can efficiently handle cat excrement, creating a clean and comfortable environment for pets and owners. 33% of buyers choose to repurchase, making it a practical toilet product for cats.

Core Features

• Pure Plant Ingredients: Made from cassava, free of formaldehyde and other harmful substances, safe and environmentally friendly, and friendly to cats' respiratory tracts.

• Dual Deodorization: Decomposes ammonia in cat urine through biological enzymes, combined with instant adsorption function, effectively reducing odors.

• Dust-Free & Non-Sticking: The particles are fine but not easy to generate dust, clump quickly and firmly, and do not stick to the bottom of the litter box during cleaning, making it easy to take care of.

• Small Particle Design: Fits the cat's foot feel, cats have a high adaptability, and the use experience is better.

Specifications

• Suitable For: All cats

• Form: Small particle cat litter",拿货价完全没有优势，除非找到更低拿货价,https://mobile.yangkeduo.com/goods1.html?ps=60K2ZQSTwx,https://sg.shp.ee/i8gwVrQ,"[{""name"": ""1\u4ef6\u88c5"", ""qty"": 1, ""cost"": 25.0, ""profit"": 0.15, ""fixed_price"": 23.7, ""comp_price"": 9.9}, {""name"": ""3\u4ef6\u88c5"", ""qty"": 3, ""cost"": 70.0, ""profit"": 0.15, ""fixed_price"": 61.0, ""comp_price"": 29.7}, {""name"": ""5\u4ef6\u88c5"", ""qty"": 5, ""cost"": 114.0, ""profit"": 0.15, ""fixed_price"": 88.0, ""comp_price"": 49.5}, {""name"": ""10\u4ef6\u88c5"", ""qty"": 10, ""cost"": 220.0, ""profit"": 0.15, ""fixed_price"": 173.0, ""comp_price"": 99.0}]",11-23 15:12,,,,,,
db_images/007.2配套收纳箱_1763881218.png,007.2配套收纳箱,5.1,1,65.0x34.0x21.0,109.0,15.0%,0.0%,56.87,56.87,243.3,52.07,"Cat Nest: Four-Season Universal Semi-Enclosed Villa

Overview

This semi-enclosed cat nest features a four-season universal design, combining a villa-style appearance with a double-layer cat bed function. Its hole-drilling hiding structure provides cats with ample sense of security. It can serve as a daily sleeping nest and also satisfy cats' natural instinct of hiding and playing, making it a pet nest suitable for multiple scenarios.

Core Features

• Semi-Enclosed Design: The surrounding structure creates a private space, enhancing cats' sense of security and meeting their instinct of liking to hide.

• Four-Season Universal: The material is breathable and not stuffy. It can be paired with a soft pad for warmth in winter and keeps ventilated and cool in summer, making it suitable for use throughout the year.

• Double-Layer & Multi-Functional: The upper layer can be used as a resting platform, while the lower layer with a hole-drilling design allows cats to shuttle and play. One nest with multiple uses increases趣味性.

• Stable & Safe: The overall structure is solid, with rounded edges and no burrs to avoid scratching cats, and it is suitable for cats of different body types.

Specifications

• Applicable Object: Universal, suitable for various cats

• Size: Subject to the product details page (meets daily resting and activity needs)",重量和尺寸暂未亲自核实，仅为商家告知。,https://detail.1688.com/offer/833813056143.html?spm=a261y.29856199.377982130518804.d_833813056143.66b83b9atB9c63&lang=zh&kjSource=pc&fromkv=refer%3AHVFFKR2TGZCEUTKGI5DECWC2LFDU2WSUKFGUUVCHIEZFITKNJJKUOTSQK5MTIQ2KJZLFCV2PLJFVITKWKFMEKWJTJFGDIWKUJ5HEUVCHLFNEIT2NJJMEOQJSIRGU4UZXKBHDMUJ5HU6VA111&bizType=saasTool&customerId=zhixiaLP,https://sg.shp.ee/swVvFbT,,11-23 14:58,,,,,,
db_images/007.1猫抓板猫窝一体式不掉屑立式猫咪玩具屋单层猫箱_1763880811.png,007.1猫抓板猫窝一体式不掉屑立式猫咪玩具屋单层猫箱,3.3,1,65.5x34.5x13.5,68.6,15.0%,0.0%,36.93,36.93,161.5,0.0,"Cat Nest: Four-Season Universal Semi-Enclosed Villa

Overview

This semi-enclosed cat nest features a four-season universal design, combining a villa-style appearance with a double-layer cat bed function. Its hole-drilling hiding structure provides cats with ample sense of security. It can serve as a daily sleeping nest and also satisfy cats' natural instinct of hiding and playing, making it a pet nest suitable for multiple scenarios.

Core Features

• Semi-Enclosed Design: The surrounding structure creates a private space, enhancing cats' sense of security and meeting their instinct of liking to hide.

• Four-Season Universal: The material is breathable and not stuffy. It can be paired with a soft pad for warmth in winter and keeps ventilated and cool in summer, making it suitable for use throughout the year.

• Double-Layer & Multi-Functional: The upper layer can be used as a resting platform, while the lower layer with a hole-drilling design allows cats to shuttle and play. One nest with multiple uses increases趣味性.

• Stable & Safe: The overall structure is solid, with rounded edges and no burrs to avoid scratching cats, and it is suitable for cats of different body types.

Specifications

• Applicable Object: Universal, suitable for various cats

• Size: Subject to the product details page (meets daily resting and activity needs)",重量和尺寸暂未亲自核实，仅为商家告知。,https://detail.1688.com/offer/833813056143.html?spm=a261y.29856199.377982130518804.d_833813056143.66b83b9atB9c63&lang=zh&kjSource=pc&fromkv=refer%3AHVFFKR2TGZCEUTKGI5DECWC2LFDU2WSUKFGUUVCHIEZFITKNJJKUOTSQK5MTIQ2KJZLFCV2PLJFVITKWKFMEKWJTJFGDIWKUJ5HEUVCHLFNEIT2NJJMEOQJSIRGU4UZXKBHDMUJ5HU6VA111&bizType=saasTool&customerId=zhixiaLP,https://sg.shp.ee/FPo5qJ6,"[{""name"": ""1\u4ef6\u88c5"", ""qty"": 1, ""cost"": 68.6, ""profit"": 0.15, ""fixed_price"": 0.0, ""comp_price"": 0.0}]",11-23 14:53,,,,,,
db_images/007猫抓板猫窝一体式不掉屑立式猫咪玩具屋多层宠物玩具零食收纳猫笼_1763880267.png,007猫抓板猫窝一体式不掉屑立式猫咪玩具屋多层宠物玩具零食收纳猫笼,5.1,1,65.0x34.0x21.0,113.0,15.0%,0.0%,57.79,57.79,247.3,61.33,"Cat Nest: Four-Season Universal Semi-Enclosed Villa

Overview

This semi-enclosed cat nest features a four-season universal design, combining a villa-style appearance with a double-layer cat bed function. Its hole-drilling hiding structure provides cats with ample sense of security. It can serve as a daily sleeping nest and also satisfy cats' natural instinct of hiding and playing, making it a pet nest suitable for multiple scenarios.

Core Features

• Semi-Enclosed Design: The surrounding structure creates a private space, enhancing cats' sense of security and meeting their instinct of liking to hide.

• Four-Season Universal: The material is breathable and not stuffy. It can be paired with a soft pad for warmth in winter and keeps ventilated and cool in summer, making it suitable for use throughout the year.

• Double-Layer & Multi-Functional: The upper layer can be used as a resting platform, while the lower layer with a hole-drilling design allows cats to shuttle and play. One nest with multiple uses increases趣味性.

• Stable & Safe: The overall structure is solid, with rounded edges and no burrs to avoid scratching cats, and it is suitable for cats of different body types.

Specifications

• Applicable Object: Universal, suitable for various cats

• Size: Subject to the product details page (meets daily resting and activity needs)",重量和尺寸暂未亲自核实，仅为商家告知。,https://detail.1688.com/offer/833813056143.html?spm=a261y.29856199.377982130518804.d_833813056143.66b83b9atB9c63&lang=zh&kjSource=pc&fromkv=refer%3AHVFFKR2TGZCEUTKGI5DECWC2LFDU2WSUKFGUUVCHIEZFITKNJJKUOTSQK5MTIQ2KJZLFCV2PLJFVITKWKFMEKWJTJFGDIWKUJ5HEUVCHLFNEIT2NJJMEOQJSIRGU4UZXKBHDMUJ5HU6VA111&bizType=saasTool&customerId=zhixiaLP,https://sg.shp.ee/FPo5qJ6,,11-23 14:42,,,,,,
db_images/006.1宠物猫咪冰山空调屋木质窝四季通用夏天降温神器抓板冰床房超大号——替换装_1763879848.png,006.1宠物猫咪冰山空调屋木质窝四季通用夏天降温神器抓板冰床房超大号——替换装,3.5,1,63.0x39.0x20.0,60.0,15.0%,0.0%,37.03,37.03,157.5,0.0,Air-Conditioned Nest Replacement Kit,重量和尺寸暂未亲自核实，仅为商家告知。,https://mobile.yangkeduo.com/goods.html?ps=r9OlPm3oFP,无,,11-23 14:37,,,,,,
db_images/006宠物猫咪冰山空调屋木质窝四季通用夏天降温神器抓板冰床房超大号_1763879562.png,006宠物猫咪冰山空调屋木质窝四季通用夏天降温神器抓板冰床房超大号,6.0,1,10.0x10.0x10.0,90.0,15.0%,0.0%,57.26,57.26,245.0,0.0,"Overview

This all-season wooden cat nest features an iceberg-inspired design. In summer, it can serve as a cooling device, combined with a scratching board and climbing frame to create a large multi-functional space for cats to rest, sharpen their claws, and play—meeting their natural instincts while providing a refreshing experience in hot weather.

Core Features

• All-Season Design: The wooden structure offers both warmth and breathability. It achieves cooling through an ice bed design in summer and functions as a cozy nest in winter, ensuring year-round practicality.

• Iceberg-Shaped Cooling: With a unique iceberg outline, it uses low thermal conductivity wood and is equipped with a hidden compartment for ice packs (ice packs are not sold separately), effectively lowering the internal temperature.

• Multi-Functional Integration: The built-in scratching board meets the need for claw sharpening, while the top climbing frame provides vertical space for activities—integrating rest, play, and exercise into one unit.

• Spacious Interior: The roomy design accommodates cats of all sizes, including chubby ones, with side ventilation holes ensuring optimal air circulation.

• Sturdy & Safe Materials: Made of eco-friendly wood with smooth, burr-free polishing, it has a stable structure, high load-bearing capacity, and a non-slip base to prevent movement.

Specifications

• Size: Extra-large (specific dimensions on the product details page)

• Material: Eco-friendly wooden frame + wear-resistant scratching board material",重量和尺寸暂未亲自核实，仅为商家告知。,https://mobile.yangkeduo.com/goods.html?ps=r9OlPm3oFP,无,,11-23 14:32,,,,,,
db_images/005猫抓板窝剑麻绳耐磨不掉屑加大号防猫抓沙发保护猫咪躺椅猫玩具_1763878894.png,005猫抓板窝剑麻绳耐磨不掉屑加大号防猫抓沙发保护猫咪躺椅猫玩具,3.0,1,57.0x45.0x22.5,61.0,15.0%,0.0%,34.6,34.6,147.0,58.9,"Overview

This cat scratching post bed is made of sisal rope, featuring wear-resistant and non-shedding properties. The extra-large design satisfies cats' natural scratching instincts while serving as a lounger, effectively protecting sofas and other furniture. It allows cats to release energy while playing, combining practicality and fun as a cat toy.

Core Features

• Wear-Resistant Sisal Rope Material：Crafted from high-quality sisal rope, it is durable and resistant to shedding, perfectly meeting cats' scratching needs for long-term use.

• Extra-Large Design：Spacious enough for cats to scratch and lounge freely, suitable for cats of different sizes.

• Furniture Protection：Provides an exclusive scratching area to attract cats away from sofas and other furniture, reducing damage.

• Multi-Functional Integration：Serves as a scratching post, cat lounger, and toy, allowing cats to play and rest on it, enriching their daily life.

Specifications

• Size：Extra-large (specific dimensions subject to the product detail page)",重量和尺寸暂未亲自核实，仅为商家告知,【厂家室内麻绳猫抓板猫窝一体大号猫咪磨爪猫抓球猫抓盆猫玩具批发】复制￥boiGw4u009yar￥，打开【手机阿里】或【支付宝-点首页进行搜索】查看：https://qr.1688.com/s/QhgrajCh CZ5802,https://sg.shp.ee/QLUXWdn,,11-23 14:21,,,,,,
db_images/004猫咪外出包藤编猫窝_1763877842.png,004猫咪外出包藤编猫窝,3.5,1,45.0x31.0x34.0,120.0,15.0%,0.0%,50.9,50.9,217.5,51.25,"Overview

This handwoven rattan pet travel bag integrates the functions of a cat nest, dog bed, and airline crate. Made of natural rattan with a washable design and enclosed structure, it balances portability and safety—suitable for hand-carrying, car use, or airline transportation (please confirm airline specifications). It creates a mobile cozy den for furry friends.

Core Features

• Natural Rattan Material：Handwoven rattan strips, breathable and wear-resistant. Natural and eco-friendly, with a cool touch that stays comfortable in all seasons.

• Multi-Scene Application：Portable hand-carry design for easy travel; enclosed structure offers a sense of security. Can be used as a car bed or airline crate (verify size with airlines), adapting to various scenarios.

• Washable & Easy to Maintain：Stains on the rattan surface can be directly wiped or washed, keeping it hygienic and looking new for long-term use.

• Sturdy Load-Bearing Structure：Tight weaving craftsmanship ensures strong load-bearing capacity. Spacious interior allows plump pets to lie comfortably.

• Thoughtful Detail Design：Top ventilation holes ensure air circulation; side viewing windows let pets observe the outside world, reducing anxiety.

Specifications

• Dimensions：Subject to the product detail page (minor errors may exist due to manual measurement)

• Suitable for：Small to medium-sized cats and dogs (refer to dimensions for purchase)",重量和尺寸暂未亲自核实，仅为商家告知,https://mobile.yangkeduo.com/goods.html?ps=roHrfrnHKF,https://sg.shp.ee/zTSSeye,,11-23 13:54,,,,,,
db_images/003木质沙发四季猫抓板瓦楞纸公主床_1763869569.png,003木质沙发四季猫抓板瓦楞纸公主床,3.0,1,50.0x39.0x9.0,28.0,15.0%,0.0%,26.97,26.97,114.0,15.9,"Overview

This double-layer cat scratching post and nest combines claw sharpening and resting functions, using scratch-resistant corrugated paper and a sturdy solid wood frame to satisfy cats' natural instincts while providing a comfortable sleeping space. The front and rear hanging balls add fun, and the convenient replaceable core makes cat parenting more worry-free!

Core Features

• 2-in-1 Multifunctionality：Integrates a scratcher and nest, with a top private space + double-sided scratching boards. The sloped design fits cats' scratching habits and meets stretching needs.

• Stable Load-Bearing Structure：Solid wood support frame with high load-bearing capacity, resistant to collapse. Rounded edges ensure cats' safety.

• High-Quality Durable Material：Selected scratch-resistant corrugated paper with slow wear and no debris, maintaining good condition for long-term use.

• Fun Interactive Design：Front and rear hanging balls stimulate cats' playful nature, enabling self-entertainment and energy release.

• Convenient Replaceable Core：The core can be replaced individually, extending the product's service life and reducing usage costs.

Specifications

• Dimensions：50CM×37CM×37CM (1-3CM error due to manual measurement)

Warm Reminder

Due to transportation bumps and material characteristics, minor peeling or破皮 (skin breakage) is normal. Ordering implies acceptance that this is not a quality issue.

Don’t let your furniture suffer anymore! Get it now to give your cat an exclusive scratching paradise. Limited-time offer, stocks running low—grab it fast!",竞品价格过低，我方定价没有优势,https://mobile.yangkeduo.com/goods.html?ps=xA5xy3tdsP,https://sg.shp.ee/H2H4T1s,,11-23 11:46,,,,,,
db_images/002猫咪双层摇篮床_1763827664.png,002猫咪双层摇篮床,2.0,1,12.0x10.0x73.0,29.0,15.0%,0.0%,21.89,21.89,92.0,20.62,"Overview

This double-layer cat hammock offers cats a brand-new lounging experience, combining the functions of a rocking bed and a hammock for free posture switching. With a sturdy wooden structure that prevents tipping, paired with fresh yellow fabric, it ensures safety while adding a stylish touch to your home—an ideal choice for keeping cats cool in summer.

Core Features

• Dual-Layer Multifunctional Design：Combines an upper hammock and lower cat nest, allowing cats to freely choose resting positions. It doubles as a rocking bed and hammock to meet different relaxation needs.

• Stable & Safe Structure：Constructed with a wooden frame for sturdiness and anti-tipping design, ensuring cats sleep peacefully and owners rest assured.

• Fresh & Aesthetic Appearance：The bright yellow fabric adds a fresh, eye-catching vibe, blending practicality with decorative appeal for home spaces.

• Summer Cooling Essential：Provides a cool and comfortable resting spot for cats to beat the summer heat.

Packaging

Each hammock is independently packaged with complete installation accessories and detailed usage instructions.

Promotional Price

Limited-time offer available now! With guaranteed quality and limited stock, act fast to give your cat a cozy new resting experience!",,https://mobile.yangkeduo.com/goods.html?ps=AVjgweScst,https://sg.shp.ee/UGYz9gH,,11-23 00:07,,,,,,
db_images/001夏季凉席猫床_1763826546.png,001夏季凉席猫床,0.817,1,50.0x50.0x7.0,23.0,15.0%,0.0%,14.78,14.78,63.0,0.0,"Overview

Keep your furry friend cool and comfortable all summer with this specially designed camping bed! The rattan-weaved mat paired with a sturdy wooden frame ensures both cooling effect and durability. Featuring a snap-fit structure for easy assembly and worry-free after-sales service, it’s the perfect summer retreat for pets.

Core Features

• Cool Rattan Mat：Crafted from specially processed rattan, offering a cool (not icy) surface with high moisture-wicking and heat-dissipating performance to keep pets dry.

• Sturdy Wooden Frame：Durable and burr-free, ensuring safety for pets while withstanding long-term use.

• 360° Ventilation Design：Mesh fabric allows all-around air circulation, while being skin-friendly and easy to clean.

• Optimal Elevation：17.5cm off the ground to effectively block moisture and prevent stuffiness.

• Reliable Load-bearing Structure：46cm diameter, supports ≤20 lbs (ideal for plump pets), with snap-fit splicing for stable, wobble-free use.

Packaging

Single bed packed independently, including complete assembly accessories and instructions.

Promotional Price

Limited-time offer for premium quality! Stocks are limited—order now to give your pet a cool summer haven!",,https://mobile.yangkeduo.com/goods1.html?ps=3Jn4kfsyvi,https://sg.shp.ee/f3ns5DH,"[{""name"": ""1\u4ef6\u88c5"", ""qty"": 1, ""cost"": 23.0, ""profit"": 0.15, ""fixed_price"": 0.0, ""comp_price"": 0.0}]",11-22 23:49,,,,,,
